,id,sex,weight,height,bmi
0,1,M,190,77,22.528250969809413
1,2,F,120,70,17.216326530612246
2,3,F,110,68,16.723615916955016
3,4,M,150,72,20.341435185185187
4,5,O,120,66,19.366391184573004
5,6,M,120,60,23.433333333333334
6,7,F,140,70,20.085714285714285
